Input line	ID	Chromosome	Position	Strand	Reference base(s)	Alternate base(s)	Sample ID	HUGO symbol	dbSNP	Protein 3D variant	Sequence ontology	Protein sequence change	S.O. transcript	S.O. all transcripts	CHASM p-value	CHASM FDR	CHASM transcript	CHASM score	All transcripts CHASM results	VEST p-value	VEST FDR	VEST score transcript	VEST score (missense)	VEST score (frameshift indels)	VEST score (inframe indels)	VEST score (stop-gain)	VEST score (stop-loss)	VEST score (splice site)	All transcripts VEST results	CGL driver class	TARGET	COSMIC ID	COSMIC variant count (tissue)	COSMIC variant count	COSMIC transcript	COSMIC protein change	PubMed article count	PubMed search term	1000 Genomes AF	ESP6500 AF (average)	ESP6500 AF (European American)	ESP6500 AF (African American)	gnomAD AF Total	gnomAD AF African	gnomAD AF American	gnomAD AF Ashkenazi Jewish	gnomAD AF East Asian	gnomAD AF Finnish	gnomAD AF Non-Finnish European	gnomAD AF Other	gnomAD AF South Asian	Number of samples with variant	Phred	VCF filters	Zygosity	Alternate reads	Total reads	Variant allele frequency	CHASM score available	VEST score available	ClinVar	ClinVar disease identifier	ClinVar XRef	HGVS Genomic	HGVS Protein	HGVS Protein All	NCI pathway hits	NCI pathway IDs	NCI pathway names	CGC driver class	CGC inheritance	CGC tumor types somatic	CGC tumor types germline	GWAS NHLBI Key (GRASP)	GWAS PMID (GRASP)	GWAS Phenotype (GRASP)
1	TR0		0				No_sample_ID	GJB2			Missense	W77R	NP_003995.2							0.0005	0.05		0.994											0			0															1							0	1							0									
133	TR132		0				No_sample_ID	GJB2			Missense	L90P	NP_003995.2							0.0005	0.05		0.993											0			0															1							0	1							0									
134	TR133		0				No_sample_ID	GJB2			Missense	L90R	NP_003995.2							0.0005	0.05		0.994											0			0															1							0	1							0									
155	TR154		0				No_sample_ID	GJB2			Missense	C64Y	NP_003995.2							0.0005	0.05		0.994											0			0															1							0	1							0									
44	TR43		0				No_sample_ID	GJB2			Missense	W44C	NP_003995.2							0.0007	0.05		0.991											0			0															1							0	1							0									
75	TR74		0				No_sample_ID	GJB2			Missense	G59R	NP_003995.2							0.0007	0.05		0.99											0			0															1							0	1							0									
98	TR97		0				No_sample_ID	GJB2			Missense	S17Y	NP_003995.2							0.0007	0.05		0.99											0			0															1							0	1							0									
100	TR99		0				No_sample_ID	GJB2			Missense	L205P	NP_003995.2							0.0007	0.05		0.99											0			0															1							0	1							0									
151	TR150		0				No_sample_ID	GJB2			Missense	C202R	NP_003995.2							0.0008	0.05		0.988											0			0															1							0	1							0									
152	TR151		0				No_sample_ID	GJB2			Missense	C202R	NP_003995.2							0.0008	0.05		0.988											0			0															1							0	1							0									
204	TR203		0				No_sample_ID	GJB2			Missense	T18I	NP_003995.2							0.0008	0.05		0.988											0			0															1							0	1							0									
225	TR224		0				No_sample_ID	GJB2			Missense	E147K	NP_003995.2							0.001	0.05		0.986											0			0															1							0	1							0									
84	TR83		0				No_sample_ID	GJB2			Missense	C53R	NP_003995.2							0.0012	0.05		0.984											0			0															1							0	1							0									
213	TR212		0				No_sample_ID	GJB2			Missense	C169Y	NP_003995.2							0.0012	0.05		0.985											0			0															1							0	1							0									
61	TR60		0				No_sample_ID	GJB2			Missense	G130V	NP_003995.2							0.0015	0.05		0.983											0			0															1							0	1							0									
6	TR5		0				No_sample_ID	GJB2			Missense	L81R	NP_003995.2							0.0016	0.05		0.981											0			0															1							0	1							0									
54	TR53		0				No_sample_ID	GJB2			Missense	L79P	NP_003995.2							0.0016	0.05		0.981											0			0															1							0	1							0									
83	TR82		0				No_sample_ID	GJB2			Missense	C53Y	NP_003995.2							0.0016	0.05		0.981											0			0															1							0	1							0									
223	TR222		0				No_sample_ID	GJB2			Missense	C174Y	NP_003995.2							0.0016	0.05		0.982											0			0															1							0	1							0									
82	TR81		0				No_sample_ID	GJB2			Missense	R184P	NP_003995.2							0.0017	0.05		0.98											0			0															1							0	1							0									
18	TR17		0				No_sample_ID	GJB2			Missense	P70L	NP_003995.2							0.0021	0.05		0.978											0			0															1							0	1							0									
31	TR30		0				No_sample_ID	GJB2			Missense	Q80P	NP_003995.2							0.0021	0.05		0.978											0			0															1							0	1							0									
99	TR98		0				No_sample_ID	GJB2			Missense	S17F	NP_003995.2							0.0021	0.05		0.978											0			0															1							0	1							0									
222	TR221		0				No_sample_ID	GJB2			Missense	P173R	NP_003995.2							0.0021	0.05		0.978											0			0															1							0	1							0									
25	TR24		0				No_sample_ID	GJB2			Missense	S199F	NP_003995.2							0.0022	0.05		0.976											0			0															1							0	1							0									
29	TR28		0				No_sample_ID	GJB2			Missense	R32L	NP_003995.2							0.0022	0.05		0.976											0			0															1							0	1							0									
85	TR84		0				No_sample_ID	GJB2			Missense	F142L	NP_003995.2							0.0022	0.05		0.977											0			0															1							0	1							0									
12	TR11		0				No_sample_ID	GJB2			Missense	G45E	NP_003995.2							0.0025	0.05		0.974											0			0															1							0	1							0									
46	TR45		0				No_sample_ID	GJB2			Missense	W44S	NP_003995.2							0.0025	0.05		0.972											0			0															1							0	1							0									
62	TR61		0				No_sample_ID	GJB2			Missense	G130D	NP_003995.2							0.0025	0.05		0.974											0			0															1							0	1							0									
66	TR65		0				No_sample_ID	GJB2			Missense	D66H	NP_003995.2							0.0025	0.05		0.975											0			0															1							0	1							0									
76	TR75		0				No_sample_ID	GJB2			Missense	G59V	NP_003995.2							0.0025	0.05		0.975											0			0															1							0	1							0									
80	TR79		0				No_sample_ID	GJB2			Missense	R184W	NP_003995.2							0.0025	0.05		0.972											0			0															1							0	1							0									
81	TR80		0				No_sample_ID	GJB2			Missense	R184G	NP_003995.2							0.0025	0.05		0.975											0			0															1							0	1							0									
107	TR106		0				No_sample_ID	GJB2			Missense	N14Y	NP_003995.2							0.0025	0.05		0.973											0			0															1							0	1							0									
167	TR166		0				No_sample_ID	GJB2			Missense	S183F	NP_003995.2							0.0025	0.05		0.971											0			0															1							0	1							0									
192	TR191		0				No_sample_ID	GJB2			Missense	T86R	NP_003995.2							0.0025	0.05		0.974											0			0															1							0	1							0									
214	TR213		0				No_sample_ID	GJB2			Missense	C60G	NP_003995.2							0.0025	0.05		0.975											0			0															1							0	1							0									
13	TR12		0				No_sample_ID	GJB2			Missense	I82N	NP_003995.2							0.0027	0.05		0.969											0			0															1							0	1							0									
59	TR58		0				No_sample_ID	GJB2			Missense	N54H	NP_003995.2							0.0027	0.05		0.969											0			0															1							0	1							0									
14	TR13		0				No_sample_ID	GJB2			Missense	I82M	NP_003995.2							0.0028	0.05		0.968											0			0															1							0	1							0									
32	TR31		0				No_sample_ID	GJB2			Missense	Q80K	NP_003995.2							0.0028	0.05		0.967											0			0															1							0	1							0									
57	TR56		0				No_sample_ID	GJB2			Missense	N54S	NP_003995.2							0.0028	0.05		0.967											0			0															1							0	1							0									
79	TR78		0				No_sample_ID	GJB2			Missense	R184Q	NP_003995.2							0.0028	0.05		0.967											0			0															1							0	1							0									
113	TR112		0				No_sample_ID	GJB2			Missense	S72C	NP_003995.2							0.0028	0.05		0.965											0			0															1							0	1							0									
166	TR165		0				No_sample_ID	GJB2			Missense	L89P	NP_003995.2							0.0028	0.05		0.968											0			0															1							0	1							0									
216	TR215		0				No_sample_ID	GJB2			Missense	L36P	NP_003995.2							0.0028	0.05		0.964											0			0															1							0	1							0									
150	TR149		0				No_sample_ID	GJB2			Missense	C202F	NP_003995.2							0.0029	0.05		0.963											0			0															1							0	1							0									
16	TR15		0				No_sample_ID	GJB2			Missense	P70S	NP_003995.2							0.0031	0.05		0.96											0			0															1							0	1							0									
92	TR91		0				No_sample_ID	GJB2			Missense	E47K	NP_003995.2							0.0031	0.05		0.961											0			0															1							0	1							0									
195	TR194		0				No_sample_ID	GJB2			Missense	P58R	NP_003995.2							0.0031	0.05		0.961											0			0															1							0	1							0									
197	TR196		0				No_sample_ID	GJB2			Missense	R75W	NP_003995.2							0.0031	0.05		0.96											0			0															1							0	1							0									
118	TR117		0				No_sample_ID	GJB2			Missense	G12V	NP_003995.2							0.0032	0.05		0.957											0			0															1							0	1							0									
224	TR223		0				No_sample_ID	GJB2			Missense	C174R	NP_003995.2							0.0032	0.05		0.957											0			0															1							0	1							0									
47	TR46		0				No_sample_ID	GJB2			Missense	W44G	NP_003995.2							0.0034	0.05		0.956											0			0															1							0	1							0									
48	TR47		0				No_sample_ID	GJB2			Missense	F31I	NP_003995.2							0.0034	0.05		0.956											0			0															1							0	1							0									
165	TR164		0				No_sample_ID	GJB2			Missense	M93T	NP_003995.2							0.0034	0.05		0.955											0			0															1							0	1							0									
26	TR25		0				No_sample_ID	GJB2			Missense	R32S	NP_003995.2							0.0035	0.05		0.954											0			0															1							0	1							0									
27	TR26		0				No_sample_ID	GJB2			Missense	R32C	NP_003995.2							0.0035	0.05		0.952											0			0															1							0	1							0									
78	TR77		0				No_sample_ID	GJB2			Missense	G59S	NP_003995.2							0.0037	0.05		0.951											0			0															1							0	1							0									
105	TR104		0				No_sample_ID	GJB2			Missense	A40E	NP_003995.2							0.0038	0.05		0.95											0			0															1							0	1							0									
119	TR118		0				No_sample_ID	GJB2			Missense	G12D	NP_003995.2							0.0038	0.05		0.95											0			0															1							0	1							0									
169	TR168		0				No_sample_ID	GJB2			Missense	I30N	NP_003995.2							0.0038	0.05		0.95											0			0															1							0	1							0									
240	TR239		0				No_sample_ID	GJB2			Missense	D179N	NP_003995.2							0.0039	0.05		0.949											0			0															1							0	1							0									
28	TR27		0				No_sample_ID	GJB2			Missense	R32G	NP_003995.2							0.0041	0.05		0.948											0			0															1							0	1							0									
45	TR44		0				No_sample_ID	GJB2			Missense	W44L	NP_003995.2							0.0041	0.05		0.948											0			0															1							0	1							0									
93	TR92		0				No_sample_ID	GJB2			Missense	E47Q	NP_003995.2							0.0041	0.05		0.948											0			0															1							0	1							0									
190	TR189		0				No_sample_ID	GJB2			Missense	S85P	NP_003995.2							0.0041	0.05		0.948											0			0															1							0	1							0									
11	TR10		0				No_sample_ID	GJB2			Missense	G45R	NP_003995.2							0.0044	0.05		0.945											0			0															1							0	1							0									
17	TR16		0				No_sample_ID	GJB2			Missense	P70R	NP_003995.2							0.0044	0.05		0.947											0			0															1							0	1							0									
35	TR34		0				No_sample_ID	GJB2			Missense	Q80R	NP_003995.2							0.0044	0.05		0.946											0			0															1							0	1							0									
212	TR211		0				No_sample_ID	GJB2			Missense	L6P	NP_003995.2							0.0044	0.05		0.947											0			0															1							0	1							0									
139	TR138		0				No_sample_ID	GJB2			Missense	A88P	NP_003995.2							0.0046	0.05		0.944											0			0															1							0	1							0									
232	TR231		0				No_sample_ID	GJB2			Missense	V178E	NP_003995.2							0.0046	0.05		0.944											0			0															1							0	1							0									
24	TR23		0				No_sample_ID	GJB2			Missense	Y158C	NP_003995.2							0.0049	0.05		0.942											0			0															1							0	1							0									
120	TR119		0				No_sample_ID	GJB2			Missense	G12R	NP_003995.2							0.0049	0.05		0.942											0			0															1							0	1							0									
209	TR208		0				No_sample_ID	GJB2			Missense	L10P	NP_003995.2							0.0049	0.05		0.943											0			0															1							0	1							0									
30	TR29		0				No_sample_ID	GJB2			Missense	R32H	NP_003995.2							0.0054	0.05		0.938											0			0															1							0	1							0									
67	TR66		0				No_sample_ID	GJB2			Missense	V84M	NP_003995.2							0.0055	0.05		0.936											0			0															1							0	1							0									
125	TR124		0				No_sample_ID	GJB2			Missense	N206S	NP_003995.2							0.0058	0.05		0.931											0			0															1							0	1							0									
129	TR128		0				No_sample_ID	GJB2			Missense	H73R	NP_003995.2							0.0061	0.05		0.929											0			0															1							0	1							0									
153	TR152		0				No_sample_ID	GJB2			Missense	S139N	NP_003995.2							0.0062	0.05		0.928											0			0															1							0	1							0									
156	TR155		0				No_sample_ID	GJB2			Missense	I71N	NP_003995.2							0.0062	0.05		0.928											0			0															1							0	1							0									
228	TR227		0				No_sample_ID	GJB2			Missense	W134R	NP_003995.2							0.0065	0.05		0.927											0			0															1							0	1							0									
69	TR68		0				No_sample_ID	GJB2			Missense	V84A	NP_003995.2							0.0067	0.05		0.925											0			0															1							0	1							0									
131	TR130		0				No_sample_ID	GJB2			Missense	M163V	NP_003995.2							0.0072	0.05		0.923											0			0															1							0	1							0									
101	TR100		0				No_sample_ID	GJB2			Missense	L205V	NP_003995.2							0.0074	0.05		0.922											0			0															1							0	1							0									
108	TR107		0				No_sample_ID	GJB2			Missense	N14K	NP_003995.2							0.0079	0.05		0.92											0			0															1							0	1							0									
149	TR148		0				No_sample_ID	GJB2			Missense	T186K	NP_003995.2							0.0079	0.05		0.92											0			0															1							0	1							0									
145	TR144		0				No_sample_ID	GJB2			Missense	M34R	NP_003995.2							0.008	0.05		0.918											0			0															1							0	1							0									
42	TR41		0				No_sample_ID	GJB2			Missense	V43L	NP_003995.2							0.0082	0.05		0.915											0			0															1							0	1							0									
231	TR230		0				No_sample_ID	GJB2			Missense	V178M	NP_003995.2							0.0084	0.05		0.912											0			0															1							0	1							0									
58	TR57		0				No_sample_ID	GJB2			Missense	N54K	NP_003995.2							0.0089	0.05		0.91											0			0															1							0	1							0									
77	TR76		0				No_sample_ID	GJB2			Missense	G59A	NP_003995.2							0.0089	0.05		0.909											0			0															1							0	1							0									
89	TR88		0				No_sample_ID	GJB2			Missense	V13M	NP_003995.2							0.0089	0.05		0.91											0			0															1							0	1							0									
33	TR32		0				No_sample_ID	GJB2			Missense	Q80H	NP_003995.2							0.0093	0.05		0.907											0			0															1							0	1							0									
177	TR176		0				No_sample_ID	GJB2			Missense	T55N	NP_003995.2							0.0094	0.05		0.906											0			0															1							0	1							0									
64	TR63		0				No_sample_ID	GJB2			Missense	V37L	NP_003995.2							0.0096	0.05		0.905											0			0															1							0	1							0									
121	TR120		0				No_sample_ID	GJB2			Missense	G12C	NP_003995.2							0.0096	0.05		0.904											0			0															1							0	1							0									
175	TR174		0				No_sample_ID	GJB2			Missense	T55A	NP_003995.2							0.0098	0.05		0.903											0			0															1							0	1							0									
122	TR121		0				No_sample_ID	GJB2			Missense	I128M	NP_003995.2							0.0102	0.05		0.901											0			0															1							0	1							0									
137	TR136		0				No_sample_ID	GJB2			Missense	A88V	NP_003995.2							0.0102	0.05		0.9											0			0															1							0	1							0									
43	TR42		0				No_sample_ID	GJB2			Missense	V43M	NP_003995.2							0.0105	0.05		0.898											0			0															1							0	1							0									
196	TR195		0				No_sample_ID	GJB2			Missense	P58A	NP_003995.2							0.0105	0.05		0.898											0			0															1							0	1							0									
102	TR101		0				No_sample_ID	GJB2			Missense	L205F	NP_003995.2							0.0111	0.05		0.896											0			0															1							0	1							0									
128	TR127		0				No_sample_ID	GJB2			Missense	H73Y	NP_003995.2							0.0111	0.05		0.895											0			0															1							0	1							0									
10	TR9		0				No_sample_ID	GJB2			Missense	D46N	NP_003995.2							0.0114	0.05		0.893											0			0															1							0	1							0									
9	TR8		0				No_sample_ID	GJB2			Missense	D46E	NP_003995.2							0.0116	0.05		0.892											0			0															1							0	1							0									
68	TR67		0				No_sample_ID	GJB2			Missense	V84L	NP_003995.2							0.0117	0.05		0.891											0			0															1							0	1							0									
34	TR33		0				No_sample_ID	GJB2			Missense	Q80L	NP_003995.2							0.0119	0.05		0.889											0			0															1							0	1							0									
7	TR6		0				No_sample_ID	GJB2			Missense	L81V	NP_003995.2							0.0121	0.05		0.887											0			0															1							0	1							0									
117	TR116		0				No_sample_ID	GJB2			Missense	I140S	NP_003995.2							0.0126	0.05		0.883											0			0															1							0	1							0									
126	TR125		0				No_sample_ID	GJB2			Missense	N206H	NP_003995.2							0.0126	0.05		0.883											0			0															1							0	1							0									
71	TR70		0				No_sample_ID	GJB2			Missense	L214P	NP_003995.2							0.013	0.05		0.881											0			0															1							0	1							0									
178	TR177		0				No_sample_ID	GJB2			Missense	L56P	NP_003995.2							0.0133	0.05		0.88											0			0															1							0	1							0									
21	TR20		0				No_sample_ID	GJB2			Missense	P175H	NP_003995.2							0.0135	0.05		0.879											0			0															1							0	1							0									
112	TR111		0				No_sample_ID	GJB2			Missense	V63L	NP_003995.2							0.0139	0.05		0.875											0			0															1							0	1							0									
103	TR102		0				No_sample_ID	GJB2			Missense	L132V	NP_003995.2							0.0144	0.05		0.873											0			0															1							0	1							0									
217	TR216		0				No_sample_ID	GJB2			Missense	W172R	NP_003995.2							0.0145	0.05		0.871											0			0															1							0	1							0									
144	TR143		0				No_sample_ID	GJB2			Missense	M34V	NP_003995.2							0.0153	0.05		0.867											0			0															1							0	1							0									
50	TR49		0				No_sample_ID	GJB2			Missense	W133G	NP_003995.2							0.0154	0.05		0.866											0			0															1							0	1							0									
148	TR147		0				No_sample_ID	GJB2			Missense	T186M	NP_003995.2							0.0158	0.05		0.864											0			0															1							0	1							0									
95	TR94		0				No_sample_ID	GJB2			Missense	V190D	NP_003995.2							0.016	0.05		0.863											0			0															1							0	1							0									
158	TR157		0				No_sample_ID	GJB2			Missense	N176D	NP_003995.2							0.016	0.05		0.863											0			0															1							0	1							0									
202	TR201		0				No_sample_ID	GJB2			Missense	I33T	NP_003995.2							0.016	0.05		0.863											0			0															1							0	1							0									
135	TR134		0				No_sample_ID	GJB2			Missense	L90V	NP_003995.2							0.0168	0.05		0.858											0			0															1							0	1							0									
143	TR142		0				No_sample_ID	GJB2			Missense	M34I	NP_003995.2							0.0169	0.05		0.857											0			0															1							0	1							0									
15	TR14		0				No_sample_ID	GJB2			Missense	M151R	NP_003995.2							0.0185	0.05		0.849											0			0															1							0	1							0									
19	TR18		0				No_sample_ID	GJB2			Missense	P70A	NP_003995.2							0.0185	0.05		0.849											0			0															1							0	1							0									
154	TR153		0				No_sample_ID	GJB2			Missense	S139C	NP_003995.2							0.0185	0.05		0.849											0			0															1							0	1							0									
136	TR135		0				No_sample_ID	GJB2			Missense	A88G	NP_003995.2							0.0189	0.05		0.848											0			0															1							0	1							0									
185	TR184		0				No_sample_ID	GJB2			Missense	R98P	NP_003995.2							0.0195	0.05		0.846											0			0															1							0	1							0									
124	TR123		0				No_sample_ID	GJB2			Missense	N206T	NP_003995.2							0.0198	0.05		0.845											0			0															1							0	1							0									
53	TR52		0				No_sample_ID	GJB2			Missense	H100Y	NP_003995.2							0.02	0.05		0.842											0			0															1							0	1							0									
159	TR158		0				No_sample_ID	GJB2			Missense	N176T	NP_003995.2							0.0215	0.05		0.836											0			0															1							0	1							0									
20	TR19		0				No_sample_ID	GJB2			Missense	P175T	NP_003995.2							0.0216	0.05		0.835											0			0															1							0	1							0									
106	TR105		0				No_sample_ID	GJB2			Missense	A40V	NP_003995.2							0.0219	0.05		0.833											0			0															1							0	1							0									
22	TR21		0				No_sample_ID	GJB2			Missense	A78T	NP_003995.2							0.0229	0.05		0.83											0			0															1							0	1							0									
49	TR48		0				No_sample_ID	GJB2			Missense	W133S	NP_003995.2							0.0239	0.05		0.825											0			0															1							0	1							0									
174	TR173		0				No_sample_ID	GJB2			Missense	R143W	NP_003995.2							0.0245	0.05		0.823											0			0															1							0	1							0									
173	TR172		0				No_sample_ID	GJB2			Missense	R143L	NP_003995.2							0.0246	0.05		0.822											0			0															1							0	1							0									
52	TR51		0				No_sample_ID	GJB2			Missense	H100Q	NP_003995.2							0.0248	0.05		0.821											0			0															1							0	1							0									
205	TR204		0				No_sample_ID	GJB2			Missense	H16R	NP_003995.2							0.0251	0.05		0.819											0			0															1							0	1							0									
239	TR238		0				No_sample_ID	GJB2			Missense	W24L	NP_003995.2							0.0253	0.05		0.818											0			0															1							0	1							0									
23	TR22		0				No_sample_ID	GJB2			Missense	A78S	NP_003995.2							0.0256	0.05		0.817											0			0															1							0	1							0									
198	TR197		0				No_sample_ID	GJB2			Missense	R75Q	NP_003995.2							0.0291	0.1		0.807											0			0															1							0	1							0									
70	TR69		0				No_sample_ID	GJB2			Missense	K15T	NP_003995.2							0.0292	0.1		0.806											0			0															1							0	1							0									
114	TR113		0				No_sample_ID	GJB2			Missense	D50A	NP_003995.2							0.0325	0.1		0.797											0			0															1							0	1							0									
104	TR103		0				No_sample_ID	GJB2			Missense	A40G	NP_003995.2							0.0365	0.1		0.788											0			0															1							0	1							0									
130	TR129		0				No_sample_ID	GJB2			Missense	G11E	NP_003995.2							0.0365	0.1		0.788											0			0															1							0	1							0									
233	TR232		0				No_sample_ID	GJB2			Missense	I35S	NP_003995.2							0.0399	0.1		0.779											0			0															1							0	1							0									
199	TR198		0				No_sample_ID	GJB2			Missense	E119K	NP_003995.2							0.0453	0.1		0.763											0			0															1							0	1							0									
138	TR137		0				No_sample_ID	GJB2			Missense	A88S	NP_003995.2							0.0461	0.1		0.761											0			0															1							0	1							0									
219	TR218		0				No_sample_ID	GJB2			Missense	D159V	NP_003995.2							0.0465	0.1		0.76											0			0															1							0	1							0									
36	TR35		0				No_sample_ID	GJB2			Missense	Q7P	NP_003995.2							0.0474	0.1		0.758											0			0															1							0	1							0									
55	TR54		0				No_sample_ID	GJB2			Missense	L79V	NP_003995.2							0.0493	0.1		0.751											0			0															1							0	1							0									
141	TR140		0				No_sample_ID	GJB2			Missense	V226G	NP_003995.2							0.0494	0.1		0.75											0			0															1							0	1							0									
146	TR145		0				No_sample_ID	GJB2			Missense	M34T	NP_003995.2							0.0508	0.1		0.747											0			0															1							0	1							0									
176	TR175		0				No_sample_ID	GJB2			Missense	T55P	NP_003995.2							0.0519	0.1		0.745											0			0															1							0	1							0									
218	TR217		0				No_sample_ID	GJB2			Missense	W172C	NP_003995.2							0.0519	0.1		0.745											0			0															1							0	1							0									
5	TR4		0				No_sample_ID	GJB2			Missense	I121N	NP_003995.2							0.0564	0.1		0.734											0			0															1							0	1							0									
116	TR115		0				No_sample_ID	GJB2			Missense	D50Y	NP_003995.2							0.0574	0.1		0.732											0			0															1							0	1							0									
41	TR40		0				No_sample_ID	GJB2			Missense	V43G	NP_003995.2							0.0592	0.15		0.728											0			0															1							0	1							0									
73	TR72		0				No_sample_ID	GJB2			Missense	E120K	NP_003995.2							0.0668	0.15		0.714											0			0															1							0	1							0									
51	TR50		0				No_sample_ID	GJB2			Missense	H100P	NP_003995.2							0.0697	0.15		0.707											0			0															1							0	1							0									
168	TR167		0				No_sample_ID	GJB2			Missense	C218Y	NP_003995.2							0.0697	0.15		0.707											0			0															1							0	1							0									
132	TR131		0				No_sample_ID	GJB2			Missense	M163L	NP_003995.2							0.075	0.15		0.696											0			0															1							0	1							0									
210	TR209		0				No_sample_ID	GJB2			Missense	L10W	NP_003995.2							0.0761	0.15		0.694											0			0															1							0	1							0									
200	TR199		0				No_sample_ID	GJB2			Missense	F115C	NP_003995.2							0.078	0.15		0.691											0			0															1							0	1							0									
94	TR93		0				No_sample_ID	GJB2			Missense	G109E	NP_003995.2							0.0837	0.15		0.682											0			0															1							0	1							0									
115	TR114		0				No_sample_ID	GJB2			Missense	D50N	NP_003995.2							0.0878	0.15		0.674											0			0															1							0	1							0									
109	TR108		0				No_sample_ID	GJB2			Missense	T8M	NP_003995.2							0.0901	0.15		0.669											0			0															1							0	1							0									
170	TR169		0				No_sample_ID	GJB2			Missense	I30V	NP_003995.2							0.0904	0.15		0.668											0			0															1							0	1							0									
171	TR170		0				No_sample_ID	GJB2			Missense	I30V	NP_003995.2							0.0904	0.15		0.668											0			0															1							0	1							0									
194	TR193		0				No_sample_ID	GJB2			Missense	K22N	NP_003995.2							0.0949	0.2		0.658											0			0															1							0	1							0									
39	TR38		0				No_sample_ID	GJB2			Missense	I20T	NP_003995.2							0.0955	0.2		0.657											0			0															1							0	1							0									
147	TR146		0				No_sample_ID	GJB2			Missense	M34L	NP_003995.2							0.0998	0.2		0.649											0			0															1							0	1							0									
90	TR89		0				No_sample_ID	GJB2			Missense	I203K	NP_003995.2							0.1008	0.2		0.646											0			0															1							0	1							0									
74	TR73		0				No_sample_ID	GJB2			Missense	V95M	NP_003995.2							0.1013	0.2		0.645											0			0															1							0	1							0									
162	TR161		0				No_sample_ID	GJB2			Missense	S113R	NP_003995.2							0.1033	0.2		0.642											0			0															1							0	1							0									
86	TR85		0				No_sample_ID	GJB2			Missense	V52L	NP_003995.2							0.1073	0.2		0.634											0			0															1							0	1							0									
56	TR55		0				No_sample_ID	GJB2			Missense	K105R	NP_003995.2							0.1092	0.2		0.629											0			0															1							0	1							0									
63	TR62		0				No_sample_ID	GJB2			Missense	V38A	NP_003995.2							0.112	0.2		0.625											0			0															1							0	1							0									
235	TR234		0				No_sample_ID	GJB2			Missense	S138G	NP_003995.2							0.1157	0.2		0.619											0			0															1							0	1							0									
182	TR181		0				No_sample_ID	GJB2			Missense	K61Q	NP_003995.2							0.1168	0.2		0.617											0			0															1							0	1							0									
183	TR182		0				No_sample_ID	GJB2			Missense	R98Q	NP_003995.2							0.1168	0.2		0.617											0			0															1							0	1							0									
187	TR186		0				No_sample_ID	GJB2			Missense	R98Q	NP_003995.2							0.1168	0.2		0.617											0			0															1							0	1							0									
140	TR139		0				No_sample_ID	GJB2			Missense	V226D	NP_003995.2							0.1313	0.2		0.592											0			0															1							0	1							0									
172	TR171		0				No_sample_ID	GJB2			Missense	R143Q	NP_003995.2							0.1342	0.2		0.587											0			0															1							0	1							0									
226	TR225		0				No_sample_ID	GJB2			Missense	F161S	NP_003995.2							0.1455	0.25		0.568											0			0															1							0	1							0									
123	TR122		0				No_sample_ID	GJB2			Missense	I128V	NP_003995.2							0.1469	0.25		0.565											0			0															1							0	1							0									
184	TR183		0				No_sample_ID	GJB2			Missense	R98W	NP_003995.2							0.1494	0.25		0.561											0			0															1							0	1							0									
188	TR187		0				No_sample_ID	GJB2			Missense	R98W	NP_003995.2							0.1494	0.25		0.561											0			0															1							0	1							0									
38	TR37		0				No_sample_ID	GJB2			Missense	I20M	NP_003995.2							0.1625	0.25		0.543											0			0															1							0	1							0									
60	TR59		0				No_sample_ID	GJB2			Missense	V198M	NP_003995.2							0.1665	0.25		0.537											0			0															1							0	1							0									
208	TR207		0				No_sample_ID	GJB2			Missense	E42K	NP_003995.2							0.184	0.3		0.505											0			0															1							0	1							0									
193	TR192		0				No_sample_ID	GJB2			Missense	T86A	NP_003995.2							0.1925	0.3		0.488											0			0															1							0	1							0									
96	TR95		0				No_sample_ID	GJB2			Missense	K122I	NP_003995.2							0.2111	0.3		0.454											0			0															1							0	1							0									
91	TR90		0				No_sample_ID	GJB2			Missense	I203T	NP_003995.2							0.2274	0.35		0.423											0			0															1							0	1							0									
221	TR220		0				No_sample_ID	GJB2			Missense	S19T	NP_003995.2							0.2301	0.35		0.419											0			0															1							0	1							0									
249	TR248		0				No_sample_ID	GJB2			Missense	K102M	NP_003995.2							0.2435	0.35		0.398											0			0															1							0	1							0									
191	TR190		0				No_sample_ID	GJB2			Missense	S85T	NP_003995.2							0.2641	0.4		0.371											0			0															1							0	1							0									
227	TR226		0				No_sample_ID	GJB2			Missense	T208P	NP_003995.2							0.2665	0.4		0.368											0			0															1							0	1							0									
234	TR233		0				No_sample_ID	GJB2			Missense	S138N	NP_003995.2							0.27	0.4		0.364											0			0															1							0	1							0									
3	TR2		0				No_sample_ID	GJB2			Missense	R127L	NP_003995.2							0.2764	0.4		0.358											0			0															1							0	1							0									
40	TR39		0				No_sample_ID	GJB2			Missense	I20F	NP_003995.2							0.2919	0.4		0.344											0			0															1							0	1							0									
2	TR1		0				No_sample_ID	GJB2			Missense	R127C	NP_003995.2							0.3009	0.45		0.336											0			0															1							0	1							0									
65	TR64		0				No_sample_ID	GJB2			Missense	V37I	NP_003995.2							0.3136	0.45		0.326											0			0															1							0	1							0									
186	TR185		0				No_sample_ID	GJB2			Missense	R98H	NP_003995.2							0.3144	0.45		0.325											0			0															1							0	1							0									
189	TR188		0				No_sample_ID	GJB2			Missense	R98Y	NP_003995.2							0.3246	0.45		0.317											0			0															1							0	1							0									
267	TR266		0				No_sample_ID	GJB2			Missense	N170G	NP_003995.2							0.3404	0.45		0.306											0			0															1							0	1							0									
127	TR126		0				No_sample_ID	GJB2			Missense	K112N	NP_003995.2							0.3544	0.5		0.296											0			0															1							0	1							0									
142	TR141		0				No_sample_ID	GJB2			Missense	V226A	NP_003995.2							0.3868	0.55		0.275											0			0															1							0	1							0									
274	TR273		0				No_sample_ID	GJB2			Missense	G220A	NP_003995.2							0.4598	0.6		0.237											0			0															1							0	1							0									
211	TR210		0				No_sample_ID	GJB2			Missense	P225L	NP_003995.2							0.4847	0.65		0.225											0			0															1							0	1							0									
179	TR178		0				No_sample_ID	GJB2			Missense	L56Q	NP_003995.2							0.4864	0.65		0.224											0			0															1							0	1							0									
244	TR243		0				No_sample_ID	GJB2			Missense	T5G	NP_003995.2							0.5107	0.7		0.211											0			0															1							0	1							0									
206	TR205		0				No_sample_ID	GJB2			Missense	H16Y	NP_003995.2							0.5469	0.7		0.191											0			0															1							0	1							0									
275	TR274		0				No_sample_ID	GJB2			Missense	G220K	NP_003995.2							0.5469	0.7		0.191											0			0															1							0	1							0									
245	TR244		0				No_sample_ID	GJB2			Missense	L28I	NP_003995.2							0.5535	0.7		0.188											0			0															1							0	1							0									
253	TR252		0				No_sample_ID	GJB2			Missense	D117N	NP_003995.2							0.5651	0.75		0.182											0			0															1							0	1							0									
248	TR247		0				No_sample_ID	GJB2			Missense	Y97H	NP_003995.2							0.5739	0.75		0.178											0			0															1							0	1							0									
269	TR268		0				No_sample_ID	GJB2			Missense	N170T	NP_003995.2							0.5892	0.75		0.171											0			0															1							0	1							0									
241	TR240		0				No_sample_ID	GJB2			Missense	V27I	NP_003995.2							0.6174	0.8		0.157											0			0															1							0	1							0									
157	TR156		0				No_sample_ID	GJB2			Missense	I71V	NP_003995.2							0.6445	0.8		0.146											0			0															1							0	1							0									
111	TR110		0				No_sample_ID	GJB2			Missense	T8S	NP_003995.2							0.649	0.8		0.144											0			0															1							0	1							0									
110	TR109		0				No_sample_ID	GJB2			Missense	T8K	NP_003995.2							0.6514	0.8		0.143											0			0															1							0	1							0									
88	TR87		0				No_sample_ID	GJB2			Missense	V52T	NP_003995.2							0.6567	0.8		0.141											0			0															1							0	1							0									
229	TR228		0				No_sample_ID	GJB2			Missense	V153A	NP_003995.2							0.6704	0.85		0.136											0			0															1							0	1							0									
203	TR202		0				No_sample_ID	GJB2			Missense	I33V	NP_003995.2							0.6871	0.85		0.13											0			0															1							0	1							0									
201	TR200		0				No_sample_ID	GJB2			Missense	F115Y	NP_003995.2							0.7138	0.9		0.121											0			0															1							0	1							0									
181	TR180		0				No_sample_ID	GJB2			Missense	A197V	NP_003995.2							0.7161	0.9		0.12											0			0															1							0	1							0									
273	TR272		0				No_sample_ID	GJB2			Missense	Y217F	NP_003995.2							0.7161	0.9		0.12											0			0															1							0	1							0									
207	TR206		0				No_sample_ID	GJB2			Missense	E42D	NP_003995.2							0.722	0.9		0.118											0			0															1							0	1							0									
265	TR264		0				No_sample_ID	GJB2			Missense	S162F	NP_003995.2							0.7262	0.9		0.117											0			0															1							0	1							0									
254	TR253		0				No_sample_ID	GJB2			Missense	I118L	NP_003995.2							0.7419	0.9		0.112											0			0															1							0	1							0									
97	TR96		0				No_sample_ID	GJB2			Missense	K122R	NP_003995.2							0.7494	0.9		0.11											0			0															1							0	1							0									
262	TR261		0				No_sample_ID	GJB2			Missense	A149V	NP_003995.2							0.7672	0.9		0.105											0			0															1							0	1							0									
72	TR71		0				No_sample_ID	GJB2			Missense	L214M	NP_003995.2							0.775	0.9		0.103											0			0															1							0	1							0									
87	TR86		0				No_sample_ID	GJB2			Missense	V52I	NP_003995.2							0.778	0.9		0.102											0			0															1							0	1							0									
276	TR275		0				No_sample_ID	GJB2			Missense	K221R	NP_003995.2							0.7816	0.9		0.101											0			0															1							0	1							0									
251	TR250		0				No_sample_ID	GJB2			Missense	I107V	NP_003995.2							0.791	0.95		0.098											0			0															1							0	1							0									
215	TR214		0				No_sample_ID	GJB2			Missense	E101G	NP_003995.2							0.795	0.95		0.097											0			0															1							0	1							0									
180	TR179		0				No_sample_ID	GJB2			Missense	A197S	NP_003995.2							0.7981	0.95		0.096											0			0															1							0	1							0									
8	TR7		0				No_sample_ID	GJB2			Missense	G200A	NP_003995.2							0.8057	0.95		0.094											0			0															1							0	1							0									
266	TR265		0				No_sample_ID	GJB2			Missense	Q164K	NP_003995.2							0.8057	0.95		0.094											0			0															1							0	1							0									
236	TR235		0				No_sample_ID	GJB2			Missense	I111V	NP_003995.2							0.8153	0.95		0.091											0			0															1							0	1							0									
252	TR251		0				No_sample_ID	GJB2			Missense	K108R	NP_003995.2							0.8196	0.95		0.09											0			0															1							0	1							0									
247	TR246		0				No_sample_ID	GJB2			Missense	Y68H	NP_003995.2							0.8337	0.95		0.086											0			0															1							0	1							0									
164	TR163		0				No_sample_ID	GJB2			Missense	S113T	NP_003995.2							0.8382	0.95		0.085											0			0															1							0	1							0									
259	TR258		0				No_sample_ID	GJB2			Missense	S131P	NP_003995.2							0.8458	0.95		0.083											0			0															1							0	1							0									
160	TR159		0				No_sample_ID	GJB2			Missense	E114K	NP_003995.2							0.8522	0.95		0.081											0			0															1							0	1							0									
37	TR36		0				No_sample_ID	GJB2			Missense	Q7H	NP_003995.2							0.8629	0.95		0.078											0			0															1							0	1							0									
246	TR245		0				No_sample_ID	GJB2			Missense	Y68F	NP_003995.2							0.8661	0.95		0.077											0			0															1							0	1							0									
268	TR267		0				No_sample_ID	GJB2			Missense	N170S	NP_003995.2							0.8761	1		0.074											0			0															1							0	1							0									
237	TR236		0				No_sample_ID	GJB2			Missense	I111M	NP_003995.2							0.8826	1		0.072											0			0															1							0	1							0									
250	TR249		0				No_sample_ID	GJB2			Missense	I107M	NP_003995.2							0.9043	1		0.065											0			0															1							0	1							0									
163	TR162		0				No_sample_ID	GJB2			Missense	S113N	NP_003995.2							0.9074	1		0.064											0			0															1							0	1							0									
270	TR269		0				No_sample_ID	GJB2			Missense	V182I	NP_003995.2							0.913	1		0.062											0			0															1							0	1							0									
277	TR276		0				No_sample_ID	GJB2			Missense	K223R	NP_003995.2							0.913	1		0.062											0			0															1							0	1							0									
220	TR219		0				No_sample_ID	GJB2			Missense	D159N	NP_003995.2							0.9184	1		0.06											0			0															1							0	1							0									
263	TR262		0				No_sample_ID	GJB2			Missense	V156I	NP_003995.2							0.9235	1		0.058											0			0															1							0	1							0									
255	TR254		0				No_sample_ID	GJB2			Missense	T123K	NP_003995.2							0.9403	1		0.052											0			0															1							0	1							0									
261	TR260		0				No_sample_ID	GJB2			Missense	I145V	NP_003995.2							0.942	1		0.051											0			0															1							0	1							0									
264	TR263		0				No_sample_ID	GJB2			Missense	S162A	NP_003995.2							0.9438	1		0.05											0			0															1							0	1							0									
161	TR160		0				No_sample_ID	GJB2			Missense	E114G	NP_003995.2							0.9476	1		0.048											0			0															1							0	1							0									
230	TR229		0				No_sample_ID	GJB2			Missense	V153I	NP_003995.2							0.9493	1		0.047											0			0															1							0	1							0									
4	TR3		0				No_sample_ID	GJB2			Missense	R127H	NP_003995.2							0.9617	1		0.04											0			0															1							0	1							0									
271	TR270		0				No_sample_ID	GJB2			Missense	I196V	NP_003995.2							0.9617	1		0.04											0			0															1							0	1							0									
258	TR257		0				No_sample_ID	GJB2			Missense	V126I	NP_003995.2							0.9638	1		0.039											0			0															1							0	1							0									
243	TR242		0				No_sample_ID	GJB2			Missense	T5A	NP_003995.2							0.965	1		0.038											0			0															1							0	1							0									
238	TR237		0				No_sample_ID	GJB2			Missense	I111T	NP_003995.2							0.968	1		0.036											0			0															1							0	1							0									
257	TR256		0				No_sample_ID	GJB2			Missense	T123S	NP_003995.2							0.968	1		0.036											0			0															1							0	1							0									
256	TR255		0				No_sample_ID	GJB2			Missense	T123N	NP_003995.2							0.9712	1		0.033											0			0															1							0	1							0									
272	TR271		0				No_sample_ID	GJB2			Missense	V207I	NP_003995.2							0.9735	1		0.032											0			0															1							0	1							0									
260	TR259		0				No_sample_ID	GJB2			Missense	V144I	NP_003995.2							0.9762	1		0.03											0			0															1							0	1							0									
242	TR241		0				No_sample_ID	GJB2			Missense	G4S	NP_003995.2							0.9816	1		0.025											0			0															1							0	1							0									
